[
  {
    "IdProducto": 3,
    "Nombre": "Cola",
    "Precio": 123.0,
    "Similitudes": [],
    "Supermercado": "s2",
    "Usuario": "test"
  },
  {
    "IdProducto": 4,
    "Nombre": "Silla",
    "Precio": 67.0,
    "Similitudes": [],
    "Supermercado": "s2",
    "Usuario": "test"
  },
  {
    "IdProducto": 0,
    "Nombre": "y7",
    "Precio": 12.0,
    "Similitudes": [],
    "Supermercado": "s321",
    "Usuario": "test2"
  },
  {
    "IdProducto": 1,
    "Nombre": "p12",
    "Precio": 12.0,
    "Similitudes": [],
    "Supermercado": "s321",
    "Usuario": "test2"
  }
]