[
  {
    "Nombre": "s2",
    "Fecha": "Dec 23, 2024, 05:07:56 PM",
    "Numero Estanterías": 12,
    "Distribución": [
      [
        3
      ],
      [
        4
      ]
    ],
    "Stock": [
      3,
      4
    ],
    "Pertenece al Usuario": "test",
    "Algoritmo Utilizado": "NoAlgoritmo"
  },
  {
    "Nombre": "54",
    "Fecha": "Dec 23, 2024, 05:08:01 PM",
    "Numero Estanterías": 23,
    "Distribución": [],
    "Stock": [],
    "Pertenece al Usuario": "test",
    "Algoritmo Utilizado": "NoAlgoritmo"
  },
  {
    "Nombre": "s321",
    "Fecha": "Dec 23, 2024, 05:11:58 PM",
    "Numero Estanterías": 4,
    "Distribución": [
      [
        0
      ],
      [
        1
      ]
    ],
    "Stock": [
      0,
      1
    ],
    "Pertenece al Usuario": "test2",
    "Algoritmo Utilizado": "NoAlgoritmo"
  }
]