[
  {
    "Nombre": "s2",
    "Fecha": "Dec 23, 2024, 05:14:44 PM",
    "Numero Estanterías": 12,
    "Distribución": [
      [
        3
      ],
      [
        4
      ]
    ],
    "Stock": [
      3,
      4
    ],
    "Pertenece al Usuario": "test",
    "Algoritmo Utilizado": "NoAlgoritmo"
  },
  {
    "Nombre": "54",
    "Fecha": "Dec 23, 2024, 05:14:44 PM",
    "Numero Estanterías": 23,
    "Distribución": [],
    "Stock": [],
    "Pertenece al Usuario": "test",
    "Algoritmo Utilizado": "NoAlgoritmo"
  }
]