[
  {
    "IdProducto": 0,
    "Nombre": "p1",
    "Precio": 12.0,
    "Similitudes": [
      [
        12,
        1
      ]
    ],
    "Supermercado": "s1",
    "Usuario": "test"
  },
  {
    "IdProducto": 1,
    "Nombre": "p21",
    "Precio": 123.0,
    "Similitudes": [
      [
        12,
        0
      ],
      [
        43,
        2
      ]
    ],
    "Supermercado": "s1",
    "Usuario": "test"
  },
  {
    "IdProducto": 2,
    "Nombre": "HolaCola",
    "Precio": 131.0,
    "Similitudes": [
      [
        43,
        1
      ]
    ],
    "Supermercado": "s1",
    "Usuario": "test"
  }
]