{
  "Castellano": {
    "1": "Salir",
    "2": "Crear Producto",
    "3": "Nombre del Producto:",
    "4": "Precio:",
    "5": "Crear",
    "6": "Añadir Similitud",
    "7": "Porcentaje de Similitud",
    "8": "Añadir",
    "9": "Configuración",
    "10": "Usuario:",
    "11": "Mail:",
    "12": "Contraseña:",
    "13": "Confirmar Contraseña:",
    "14": "Mostrar",
    "15": "Ocultar",
    "16": "Idioma:",
    "17": "Modificar",
    "18": "Inventario",
    "19": "Producto:",
    "20": "Crear Supermercado",
    "21": "Nombre del Supermercado:",
    "22": "Numero de Estanterías:",
    "23": "Selecciona Supermercado",
    "24": "Supermercado:",
    "25": "Duplicar",
    "26": "Vista Distribución",
    "27": "Modificar Supermercado",
    "28": "Consultar Inventario",
    "29": "Añadir Producto",
    "30": "Eliminar Supermercado",
    "31": "Generador de Supermercados",
    "32": "Log In",
    "33": "Registrar",
    "34": "Vista Menu Supermercado",
    "35": "Duplicar Supermercado",
    "36": "Borrar Todos los Supermercados",
    "37": "Guardar",
    "38": "Log Out",
    "39": "Configuración",
    "40": "Modificar Producto",
    "41": "Modificar Similitud",
    "42": "Similitud:",
    "43": "Algoritmo:",
    "44": "Eliminar Similitud",
    "45": "Gestion Similitud",
    "46": "Similitudes:",
    "47": "Eliminar Producto",
    "48": "Registro",
    "49": "Intercambiar Productos",
    "50": "Producto 1:",
    "51": "Producto 2:",
    "52": "Intercambiar",
    "53": "Eliminar Usuario",
    "100":	"Error",
    "101":	"Error: El nombre ya ha sido registrado",
    "102":	"Error: El correo ya ha sido registrado",
    "103":	"Error: El idioma no es vàlido",
    "104":	"Error: La contraseña tiene que tener más de 12 caràcteres",
    "105":	"Error: El nombre del supermercado ya existe",
    "106":	"Error: Ya existe un producto con este nombre",
    "107":	"Error: No existe un producto con este nombre",
    "108":	"Error: No existe un supermercado con este nombre",
    "109":	"Error: No existe similitud entre estos dos productos",
    "110":	"Error: No existe ningún valor a modificar",
    "111":	"Error: Ya existe similitud",
    "112":	"Error: El usuario o la contraseña no existen",
    "113":  "Error: Has seleccionado el mismo producto",
    "114":  "Error: Contraseña incorrecta",
    "115":	"Error: Valor de similaridad invalido",
    "116":	"Error: Precio invalido",
    "117":	"Error: No se ha seleccionado ningun algoritmo",
    "118": "Error: El precio ha de ser un numero entero con decimales",
    "119": "Error: El porcentaje similitud debe ser un numero entero",
    "120": "Error: El numero de estanterías debe ser un numero entero",
    "121": "Error: Todos los campos son obligatorios"
  },
  "Catalan": {
      "1": "Sortir",
      "2": "Crear Producte",
      "3": "Nom del Producte:",
      "4": "Preu:",
      "5": "Crear",
      "6": "Afegir Similitud",
      "7": "Percentatge de Similitud",
      "8": "Afegir",
      "9": "Configuració",
      "10": "Usuari:",
      "11": "Correu:",
      "12": "Contrasenya:",
      "13": "Confirmar Contrasenya:",
      "14": "Mostrar",
      "15": "Amagar",
      "16": "Idioma:",
      "17": "Modificar",
      "18": "Inventari",
      "19": "Producte:",
      "20": "Crear Supermercat",
      "21": "Nom del Supermercat:",
      "22": "Nombre de Prestatgeries:",
      "23": "Selecciona Supermercat",
      "24": "Supermercat:",
      "25": "Duplicar",
      "26": "Vista Distribució",
      "27": "Modificar Supermercat",
      "28": "Consultar Inventari",
      "29": "Afegir Producte",
      "30": "Eliminar Supermercat",
      "31": "Generador de Supermercats",
      "32": "Iniciar Sessió",
      "33": "Registrar",
      "34": "Vista Menú Supermercat",
      "35": "Duplicar Supermercat",
      "36": "Esborrar Tots els Supermercats",
      "37": "Desar",
      "38": "Tancar Sessió",
      "39": "Configuració",
      "40": "Modificar Producte",
      "41": "Modificar Similitud",
      "42": "Similitud:",
      "43": "Algoritme:",
      "44": "Eliminar Similitud",
      "45": "Gestió Similitud",
      "46": "Similituds:",
      "47": "Eliminar Producte",
      "48": "Registre",
      "49": "Intercanviar Productes",
      "50": "Producte 1:",
      "51": "Producte 2:",
      "52": "Intercanviar",
      "53": "Eliminar Usuari",
      "100": "Error",
      "101": "Error: El nom ja ha estat registrat",
      "102": "Error: El correu ja ha estat registrat",
      "103": "Error: L'idioma no és vàlid",
      "104": "Error: La contrasenya ha de tenir més de 12 caràcters",
      "105": "Error: El nom del supermercat ja existeix",
      "106": "Error: Ja existeix un producte amb aquest nom",
      "107": "Error: No existeix un producte amb aquest nom",
      "108": "Error: No existeix un supermercat amb aquest nom",
      "109": "Error: No existeix similitud entre aquests dos productes",
      "110": "Error: No existeix cap valor a modificar",
      "111": "Error: Ja existeix similitud",
      "112": "Error: L'usuari o la contrasenya no existeixen",
      "113": "Error: Has seleccionat el mateix producte",
      "114": "Error: Contrasenya incorrecta",
      "115": "Error: Valor de similitud invàlid",
      "116": "Error: Preu invàlid",
      "117": "Error: No s'ha seleccionat cap algoritme",
      "118": "Error: El preu ha de ser un nombre enter amb decimals",
      "119": "Error: El percentatge de similitud ha de ser un nombre enter",
      "120": "Error: El nombre de prestatgeries ha de ser un nombre enter",
      "121": "Error: Tots els camps són obligatoris"
  },
  "Ingles": {
      "1": "Exit",
      "2": "Create Product",
      "3": "Product Name:",
      "4": "Price:",
      "5": "Create",
      "6": "Add Similarity",
      "7": "Similarity Percentage",
      "8": "Add",
      "9": "Settings",
      "10": "User:",
      "11": "Email:",
      "12": "Password:",
      "13": "Confirm Password:",
      "14": "Show",
      "15": "Hide",
      "16": "Language:",
      "17": "Modify",
      "18": "Inventory",
      "19": "Product:",
      "20": "Create Supermarket",
      "21": "Supermarket Name:",
      "22": "Number of Shelves:",
      "23": "Select Supermarket",
      "24": "Supermarket:",
      "25": "Duplicate",
      "26": "View Layout",
      "27": "Modify Supermarket",
      "28": "Check Inventory",
      "29": "Add Product",
      "30": "Delete Supermarket",
      "31": "Supermarket Generator",
      "32": "Log In",
      "33": "Register",
      "34": "Supermarket Menu View",
      "35": "Duplicate Supermarket",
      "36": "Delete All Supermarkets",
      "37": "Save",
      "38": "Log Out",
      "39": "Config",
      "40": "Modify Product",
      "41": "Modify Similarity",
      "42": "Similarity:",
      "43": "Algorithm:",
      "44": "Delete Similarity",
      "45": "Similarity Management",
      "46": "Similarities:",
      "47": "Delete Product",
      "48": "Sign Up",
      "49": "Swap Products",
      "50": "Product 1:",
      "51": "Product 2:",
      "52": "Swap",
      "53": "Delete User",
      "100": "Error",
      "101": "Error: The name is already registered",
      "102": "Error: The email is already registered",
      "103": "Error: The language is not valid",
      "104": "Error: The password must have more than 12 characters",
      "105": "Error: The supermarket name already exists",
      "106": "Error: A product with this name already exists",
      "107": "Error: There is no product with this name",
      "108": "Error: There is no supermarket with this name",
      "109": "Error: No similarity exists between these two products",
      "110": "Error: There is no value to modify",
      "111": "Error: Similarity already exists",
      "112": "Error: The user or password does not exist",
      "113": "Error: You selected the same product",
      "114": "Error: Incorrect password",
      "115": "Error: Invalid similarity value",
      "116": "Error: Invalid price",
      "117": "Error: No algorithm selected",
      "118": "Error: The price must be a whole number with decimals",
      "119": "Error: The similarity percentage must be a whole number",
      "120": "Error: The number of shelves must be a whole number",
      "121": "Error: All fields are required"
    },
    "Rumano": {
        "1": "Ieșire",
        "2": "Creează Produs",
        "3": "Numele Produsului:",
        "4": "Preț:",
        "5": "Creează",
        "6": "Adaugă Similaritate",
        "7": "Procent de Similaritate",
        "8": "Adaugă",
        "9": "Setări",
        "10": "Utilizator:",
        "11": "Email:",
        "12": "Parolă:",
        "13": "Confirmă Parola:",
        "14": "Afișează",
        "15": "Ascunde",
        "16": "Limbă:",
        "17": "Modifică",
        "18": "Inventar",
        "19": "Produs:",
        "20": "Creează Supermarket",
        "21": "Numele Supermarketului:",
        "22": "Număr de Rafturi:",
        "23": "Selectează Supermarket",
        "24": "Supermarket:",
        "25": "Duplică",
        "26": "Vizualizare Distribuție",
        "27": "Modifică Supermarket",
        "28": "Verifică Inventarul",
        "29": "Adaugă Produs",
        "30": "Șterge Supermarket",
        "31": "Generator de Supermarketuri",
        "32": "Autentificare",
        "33": "Înregistrare",
        "34": "Vizualizare Meniu Supermarket",
        "35": "Duplică Supermarket",
        "36": "Șterge Toate Supermarketurile",
        "37": "Salvează",
        "38": "Deconectare",
        "39": "Config",
        "40": "Modifică Produs",
        "41": "Modifică Similaritate",
        "42": "Similaritate:",
        "43": "Algoritm:",
        "44": "Șterge Similaritate",
        "45": "Gestionare Similaritate",
        "46": "Similarități:",
        "47": "Șterge Produs",
        "48": "Înregistrare",
        "49": "Schimbă Produse",
        "50": "Produs 1:",
        "51": "Produs 2:",
        "52": "Schimbă",
        "53": "Șterge Utilizator",
        "100": "Eroare",
        "101": "Eroare: Numele este deja înregistrat",
        "102": "Eroare: Emailul este deja înregistrat",
        "103": "Eroare: Limba nu este validă",
        "104": "Eroare: Parola trebuie să aibă mai mult de 12 caractere",
        "105": "Eroare: Numele supermarketului deja există",
        "106": "Eroare: Există deja un produs cu acest nume",
        "107": "Eroare: Nu există niciun produs cu acest nume",
        "108": "Eroare: Nu există niciun supermarket cu acest nume",
        "109": "Eroare: Nu există nicio similaritate între aceste două produse",
        "110": "Eroare: Nu există nicio valoare de modificat",
        "111": "Eroare: Similaritatea deja există",
        "112": "Eroare: Utilizatorul sau parola nu există",
        "113": "Eroare: Ai selectat același produs",
        "114": "Eroare: Parola incorectă",
        "115": "Eroare: Valoare de similaritate invalidă",
        "116": "Eroare: Preț invalid",
        "117": "Eroare: Niciun algoritm selectat",
        "118": "Eroare: Prețul trebuie să fie un număr întreg cu zecimale",
        "119": "Eroare: Procentajul de similaritate trebuie să fie un număr întreg",
        "120": "Eroare: Numărul de rafturi trebuie să fie un număr întreg",
        "121": "Eroare: Toate câmpurile sunt obligatorii"
      }
}

