[
    {
      "Nombre": "Juan",
      "Fecha": "Dec 22, 2024, 01:10:52 PM",
      "Numero Estanterías": 2,
      "Distribución": [
        [
          12,
          7,
          10,
          6,
          5,
          11,
          0,
          2
        ],
        [
          8,
          4,
          1,
          14,
          13,
          3
        ],
        [
          9
        ]
      ],
      "Stock": [
        12,
        7,
        10,
        6,
        5,
        11,
        0,
        2,
        3,
        13,
        14,
        1,
        4,
        8,
        9
      ],
      "Pertenece al Usuario": "aa",
      "Algoritmo Utilizado": "Hill Climbing"
    }
  ]