[
  {
    "IdProducto": 1,
    "Nombre": "CocaCola",
    "Precio": 1.98,
    "Similitudes": [],
    "Supermercado": "IntercambiarTest",
    "Usuario": "test"
  },
  {
    "IdProducto": 2,
    "Nombre": "Pepsi",
    "Precio": 0.98,
    "Similitudes": [],
    "Supermercado": "IntercambiarTest",
    "Usuario": "test"
  },
  {
    "IdProducto": 3,
    "Nombre": "Patatas Fritas",
    "Precio": 1.89,
    "Similitudes": [],
    "Supermercado": "IntercambiarTest",
    "Usuario": "test"
  },
  {
    "IdProducto": 4,
    "Nombre": "Jabón de Manos",
    "Precio": 2.89,
    "Similitudes": [],
    "Supermercado": "IntercambiarTest",
    "Usuario": "test"
  },
  {
    "IdProducto": 5,
    "Nombre": "Jamón Serrano",
    "Precio": 4.89,
    "Similitudes": [],
    "Supermercado": "IntercambiarTest",
    "Usuario": "test"
  },
  {
    "IdProducto": 6,
    "Nombre": "Aceitunas",
    "Precio": 2.53,
    "Similitudes": [],
    "Supermercado": "IntercambiarTest",
    "Usuario": "test"
  },
  {
    "IdProducto": 7,
    "Nombre": "Merluza",
    "Precio": 23.0,
    "Similitudes": [],
    "Supermercado": "IntercambiarTest",
    "Usuario": "test"
  }
]